ONT run (mother|father|child)	Barcodes corresponding with ONT run (mother|father|child)	Family	Coords of sequenced region	dbSNP ID	De novo mutation in the child	Ref	Alt	Mutation type	Mutation, expressed in pileup notation (given only if mutation is an indel)
MinION1|MinION1|MinION1	BC1|BC2|BC3	FAM1	10:92627492-92633946		10:92632551	G	C	SNP	.
MinION1|MinION1|MinION1	BC4|BC5|BC6	FAM2	1:155899501-155904538		1:155904496	A	C	SNP	.
MinION3|MinION3|MinION3	BC5|BC6|BC7	FAM3	10:75008279-75035718	NA	10:75022005	CG	G	Deletion	-1G
MinION2|MinION2|MinION2	BC4|BC5|BC6	FAM4	16:2075652-2086292		16:2086242	A	G	SNP	.
MinION2|MinION2|MinION2	BC4|BC5|BC6	FAM5	8:60860969-60867776		8:60861022	A	G	SNP	.
MinION1|MinION1|MinION1	BC7|BC8|BC9	FAM6	12:49180285-49185134		12:49185098	T	C	SNP	.
MinION2|MinION2|MinION2	BC7|BC8|BC9	FAM7	7:94406826-94417881		7:94417833	T	G	SNP	.
MinION2|MinION2|MinION2	BC7|BC8|BC9	FAM8	8:60809141-60824061		8:60824021	G	C	SNP	.
MinION2|MinION2|MinION2	BC10|BC11|BC12	FAM9	10:75028984-75045504	rs199470477	10:75029026	CTCT	CT	Deletion	-2CT
MinION3|MinION3|MinION3	BC1|BC2|BC3	FAM10	3:12604137-12615187	rs80338796	3:12604200	G	A	SNP	.
MinION4|MinION4|MinION4	BC1|BC2|BC3	FAM11	5:177208324-177210332	NA	5:177210198	CAA	C	Deletion	-2AA
MinION8|MinION8|MinION8	BC10|BC11|BC12	FAM12	X:154020568-154030795	NA	X:154030621	GGGGGCTGGTGGGGTCCTCGGAGCTCTCGGGCTCAGGTGGAGGT	G	Deletion	-43GGGGCTGGTGGGGTCCTCGGAGCTCTCGGGCTCAGGTGGAGGT
MinION3|MinION3|MinION3	BC9|BC10|BC11	FAM13	8:23007373-23021022	rs1554504663	8:23007627	G	A	SNP	.
MinION4|MinION4|MinION4	BC1|BC2|BC3	FAM15	3:12598384-12612100	rs397516827	3:12604194	G	C	SNP	.
MinION4|MinION4|MinION4	BC1|BC2|BC3	FAM16	16:2079336-2088791	NA	16:2088584	TG	TTG	Insertion	+1T
MinION3|MinION3|MinION3	BC1|BC2|BC3	FAM17	12:112468406-112477913	rs121918463	12:112477651	T	C	SNP	.
MinION3|MinION3|MinION3	BC5|BC6|BC7	FAM18	8:60821806-60835740	NA	8:60821831	T	G	SNP	.
MinION4|MinION4|MinION4	BC1|BC2|BC3	FAM19	10:110952002-110972445	rs267607048	10:110964362	A	G	SNP	.
MinION3|MinION3|MinION3	BC1|BC2|BC3	FAM20	17:59669504-59693837	NA	17:59681719	T	C	SNP	.
MinION4|MinION4|MinION4	BC1|BC2|BC3	FAM22	7:140790599-140811946	rs180177035	7:140801502	T	C	SNP	.
MinION4|MinION4|MinION4	BC1|BC2|BC3	FAM24	X:64191988-64194384	rs137852216	X:64192230	G	A	SNP	.
MinION5|MinION5|MinION5	BC1|BC2|BC3	FAM25	5:140101197-140120581	NA	5:140114651	T	G	SNP	.
MinION4|MinION4|MinION4	BC1|BC2|BC3	FAM27	X:154020347-154045086	NA	X:154031021	NC	C	Deletion	-1C
MinION4|MinION4|MinION4	BC1|BC2|BC3	FAM28	11:118461732-118484439	NA	11:118473689	C	T	SNP	.
MinION5|MinION5|MinION5	BC1|BC2|BC3	FAM30	2:47149339-47173523	rs187405330	2:47161756	C	A	SNP	.
MinION4|MinION4|MinION4	BC5|BC6|BC7	FAM31	6:33430760-33437827	NA	6:33437769	CATGCTG	C	Deletion	-7CATGCTG
MinION4|MinION4|MinION4	BC1|BC2|BC3	FAM32	3:189877719-189904196	NA	3:189890806	G	T	SNP	.
MinION4|MinION4|MinION4	BC1|BC2|BC3	FAM34	20:63394352-63420089	NA	20:63407093	NNNNNNNN	N	Deletion	-8NNNNNNNN
MinION4|MinION4|MinION4	BC1|BC2|BC3	FAM35	2:199335590-199363185	NA	2:199349041	GG	G	Deletion	-1G
MinION6|MinION6|MinION6	BC1|BC2|BC3	FAM36	3:58065914-58091754	rs549350178	3:58078789	C	G	SNP	.
MinION8|MinION8|MinION8	BC10|BC11|BC12	FAM38	1:27548728-27551616	NA	1:27548980	GG	G	Deletion	-1G
MinION5|MinION5|MinION5	BC4|BC5|BC6	FAM39	2:199335591-199360879	NA	2:199348709	G	A	SNP	.
MinION5|MinION5|MinION5	BC7|BC8|BC9	FAM41	18:44938302-44966343	rs267607042	18:44951942	G	A	SNP	.
MinION7|MinION7|MinION7	BC1|BC2|BC3	FAM43	8:60731920-60753948	rs794727293	8:60741901	C	T	SNP	.
MinION8|MinION8|MinION8	BC10|BC11|BC12	FAM44	12:47972659-47988521	rs1555164786	12:47975568	C	G	SNP	.
MinION6|MinION6|MinION6	BC1|BC2|BC3	FAM45	14:101987296-102015889	rs984270350	14:102002949	C	T	SNP	.
MinION6|MinION6|MinION6	BC5|BC6|BC7	FAM46	10:110602884-110614405	NA	10:110602966	C	G	SNP	.
MinION6|MinION6|MinION6	BC1|BC2|BC3	FAM47	22:23816037-23837987	NA	22:23825396	C	T	SNP	.
MinION6|MinION6|MinION6	BC1|BC2|BC3	FAM48	7:140786678-140814029	rs180177034	7:140801536	C	G	SNP	.
MinION7|MinION7|MinION7	BC1|BC2|BC3	FAM51	2:166027943-166047376	rs121918786	2:166037862	C	T	SNP	.
MinION7|MinION7|MinION7	BC1|BC2|BC3	FAM53	17:50180521-50202639	NA	17:50188538	C	T	SNP	.
MinION7|MinION7|MinION7	BC1|BC2|BC3	FAM55	9:127667075-127694377	rs79735301	9:127680243	G	A	SNP	.
MinION7|MinION7|MinION7	BC1|BC2|BC3	FAM56	2:108740079-108764003	rs121434502	2:108751993	C	T	SNP	.
MinION8|MinION7|MinION7	BC10|BC2|BC3	FAM57	4:1212998-1226691	rs869320802	4:1213028	G	A	SNP	.
MinION7|MinION7|MinION7	BC1|BC2|BC3	FAM59	20:51778141-51803730	NA	20:51791518	CC	C	Deletion	-1C
MinION7|MinION7|MinION7	BC1|BC2|BC3	FAM61	7:94409396-94427662	rs72658168	7:94420409	G	A	SNP	.
MinION8|MinION8|MinION8	BC10|BC11|BC12	FAM62	9:132901800-132920208	NA	9:132912382	A	C	SNP	.
MinION8|MinION8|MinION8	BC10|BC11|BC12	FAM64	17:46162737-46179071	NA	17:46171227	TG	T	Deletion	-1G
MinION8|MinION8|MinION8	BC10|BC11|BC12	FAM65	X:134405958-134427287	NA	X:134413496	TA	TTA	Insertion	+1T
MinION8|MinION8|MinION8	BC10|BC11|BC12	FAM66	12:21809475-21826654	rs7309274	12:21818238	G	A	SNP	.
MinION8|MinION8|MinION8	BC10|BC11|BC12	FAM67	4:46251976-46276987	rs1577800481	4:46262110	G	T	SNP	.